date,bei_10_0y,boe_bank_rate,boe_sonia,ons_cpi_yoy,oil,gbpusd,uk_unemployment,uk_business_confidence
1997-01-31,3.9875,5.9375,6.19,2.1,25.13,1.6585,7.5,-2.9981
1997-02-28,3.9034,5.9375,5.79,1.9,22.18,1.6256,7.3,-3.1509
1997-03-31,4.0716,5.9375,6.0282,1.7,20.97,1.6096,7.2,0.7373
1997-04-30,3.915,5.9375,6.2641,1.6,19.7,1.6293,7.2,-0.6917
1997-05-31,3.4775,6.25,6.3054,1.6,20.82,1.6322,7.2,-3.5621
1997-06-30,3.3577,6.5,6.9709,1.7,19.26,1.6449,7.3,-4.8543
1997-07-31,3.2644,6.75,6.2704,2.0,19.66,1.6694,7.1,0.2933
1997-08-31,3.3741,7.0,7.0956,2.0,19.95,1.6035,6.8,-1.8053
1997-09-30,2.9977,7.0,7.1888,1.8,19.8,1.6013,6.7,-0.533
1997-10-31,3.2852,7.0,7.4305,1.9,21.33,1.633,6.6,4.2472
1997-11-30,3.1739,7.25,7.4412,1.9,20.19,1.6889,6.5,0.5931
1997-12-31,3.0887,7.25,7.2275,1.7,18.33,1.6597,6.4,1.3981
1998-01-31,2.8005,7.25,7.2385,1.5,16.72,1.635,6.4,-3.3593
1998-02-28,2.9247,7.25,7.3308,1.6,16.06,1.6408,6.4,-1.8204
1998-03-31,2.8147,7.25,7.4277,1.7,15.12,1.6619,6.3,-4.5691
1998-04-30,2.8055,7.25,8.6068,1.8,15.35,1.6723,6.3,-7.3461
1998-05-31,2.7614,7.25,7.6161,2.0,14.91,1.6382,6.3,-12.8748
1998-06-30,2.7693,7.5,7.421,1.7,13.72,1.6504,6.3,-16.202
1998-07-31,2.8318,7.5,7.6446,1.4,14.17,1.6437,6.3,-16.071
1998-08-31,2.6611,7.5,6.764,1.3,13.47,1.6342,6.2,-23.1578
1998-09-30,2.1578,7.5,7.4695,1.4,15.03,1.6823,6.2,-23.2205
1998-10-31,2.4338,7.25,6.8801,1.4,14.46,1.6944,6.2,-30.7256
1998-11-30,2.2386,6.75,6.9998,1.4,13.0,1.6611,6.1,-32.0508
1998-12-31,2.3144,6.25,5.274,1.6,11.35,1.6708,6.2,-22.9284
1999-01-31,2.2103,6.0,6.9125,1.6,12.52,1.6498,6.2,-25.3824
1999-02-28,2.6634,5.5,6.1965,1.4,12.01,1.6276,6.2,-24.8167
1999-03-31,2.7786,5.5,6.3772,1.7,14.68,1.6213,6.2,-22.8668
1999-04-30,2.7788,5.25,5.3376,1.5,17.31,1.6089,6.1,-17.6606
1999-05-31,3.0436,5.25,5.488,1.3,17.72,1.6154,6.0,-5.5182
1999-06-30,3.184,5.0,5.582,1.3,17.92,1.595,6.0,-11.5518
1999-07-31,3.3532,5.0,5.4054,1.3,20.1,1.5751,5.9,-15.7721
1999-08-31,2.8512,5.0,4.7368,1.2,21.28,1.6058,5.9,-6.8504
1999-09-30,3.3583,5.25,5.565,1.2,23.8,1.6247,5.8,-1.5796
1999-10-31,3.1913,5.25,5.1776,1.1,22.69,1.6572,5.8,-2.708
1999-11-30,3.1041,5.5,6.0847,1.2,25.0,1.6205,5.8,-4.3763
1999-12-31,3.4232,5.5,3.0423,1.1,26.1,1.6132,5.9,-2.2567
2000-01-31,3.3325,5.75,6.606,0.8,27.26,1.6404,5.8,-2.7447
2000-02-29,3.2001,6.0,6.0053,0.9,29.37,1.6,5.8,-5.1513
2000-03-31,3.0165,6.0,5.7179,0.6,29.84,1.5799,5.7,-6.1682
2000-04-30,3.005,6.0,5.8485,0.6,25.72,1.5823,5.6,-10.9748
2000-05-31,2.8483,6.0,5.9768,0.5,28.79,1.509,5.5,-9.8151
2000-06-30,3.0144,6.0,5.2592,0.8,31.82,1.5092,5.3,-12.8998
2000-07-31,2.9024,6.0,5.8457,0.9,29.7,1.5076,5.3,-8.8085
2000-08-31,2.9821,6.0,5.6946,0.6,31.26,1.4889,5.3,-11.2055
2000-09-30,2.8329,6.0,6.1806,1.0,33.88,1.4336,5.4,-7.2611
2000-10-31,2.7215,6.0,5.9876,1.0,33.11,1.4506,5.3,-5.0164
2000-11-30,2.5931,6.0,6.3055,1.1,34.42,1.4258,5.2,-7.0342
2000-12-31,2.542,6.0,4.3589,0.8,28.44,1.4629,5.2,0.7585
2001-01-31,2.4561,6.0,6.3133,0.9,29.59,1.4775,5.2,-0.7681
2001-02-28,2.4798,5.75,6.3192,0.8,29.61,1.4525,5.1,-10.4872
2001-03-31,2.2327,5.75,6.053,0.9,27.25,1.4445,5.0,-15.4739
2001-04-30,2.3635,5.5,5.1817,1.2,27.49,1.4348,4.9,-13.632
2001-05-31,2.4895,5.25,5.9056,1.7,28.63,1.4265,5.0,-15.7852
2001-06-30,2.5915,5.25,4.7082,1.7,27.6,1.402,5.0,-13.2602
2001-07-31,2.4226,5.25,5.8914,1.4,26.43,1.4148,5.1,-11.1837
2001-08-31,2.5043,5.0,4.253,1.8,27.37,1.4372,5.1,-18.2344
2001-09-30,2.3057,4.75,5.1683,1.3,26.2,1.4638,5.1,-18.9412
2001-10-31,2.1477,4.5,3.8263,1.2,22.17,1.4501,5.1,-19.6535
2001-11-30,2.1774,4.0,3.8098,0.8,19.64,1.4356,5.2,-23.0234
2001-12-31,2.4725,4.0,4.9451,1.1,19.39,1.4413,5.2,-28.2116
2002-01-31,2.3153,4.0,4.1909,1.6,19.72,1.4322,5.1,-20.1102
2002-02-28,2.4947,4.0,4.0151,1.5,20.72,1.4227,5.2,-17.1512
2002-03-31,2.7744,4.0,3.2728,1.5,24.53,1.423,5.2,-18.1156
2002-04-30,2.6956,4.0,4.8749,1.4,26.18,1.4429,5.2,-11.2913
2002-05-31,2.8127,4.0,3.998,0.8,27.04,1.4598,5.2,-15.4266
2002-06-30,2.6622,4.0,3.3156,0.6,25.52,1.4837,5.2,-10.2861
2002-07-31,2.4061,4.0,4.8134,1.1,26.97,1.5565,5.2,-7.8861
2002-08-31,2.4087,4.0,4.3178,1.0,28.39,1.5368,5.3,-7.6019
2002-09-30,2.1884,4.0,3.3924,1.0,29.66,1.5563,5.2,-12.6254
2002-10-31,2.2643,4.0,3.4606,1.4,28.84,1.5575,5.2,-10.296
2002-11-30,2.2594,4.0,4.4397,1.5,26.35,1.5711,5.1,-8.3542
2002-12-31,2.228,4.0,4.824,1.7,29.46,1.5863,5.0,-15.1929
2003-01-31,2.272,4.0,4.1671,1.3,32.95,1.6175,5.1,-13.4534
2003-02-28,2.4635,3.75,3.4409,1.6,35.83,1.6079,5.2,-17.4841
2003-03-31,2.4902,3.75,4.4736,1.5,33.51,1.5825,5.1,-20.0956
2003-04-30,2.4885,3.75,3.7494,1.4,28.17,1.5739,5.0,-20.2778
2003-05-31,2.428,3.75,3.9286,1.3,28.11,1.6224,4.9,-18.7339
2003-06-30,2.556,3.75,3.284,1.1,30.66,1.6609,5.1,-15.9706
2003-07-31,2.656,3.5,3.1602,1.3,30.76,1.6221,5.1,-18.9123
2003-08-31,2.6612,3.5,3.6208,1.4,31.57,1.5939,5.0,-15.2954
2003-09-30,2.6923,3.5,3.8798,1.4,28.31,1.6155,5.0,-18.9741
2003-10-31,2.7778,3.5,3.2044,1.4,30.34,1.6792,4.9,-18.9349
2003-11-30,2.8224,3.75,4.0423,1.3,31.11,1.6897,4.9,-10.0119
2003-12-31,2.8339,3.75,3.2895,1.3,32.13,1.7516,4.8,-8.1779
2004-01-31,2.819,3.75,3.772,1.4,34.31,1.8255,4.8,-0.1236
2004-02-29,2.8561,4.0,3.6589,1.3,34.69,1.8673,4.8,-6.8223
2004-03-31,2.9134,4.0,3.6909,1.1,36.74,1.8261,4.8,-2.4163
2004-04-30,2.9719,4.0,3.9925,1.1,36.75,1.8031,4.8,-6.6016
2004-05-31,3.0161,4.25,4.6399,1.5,40.28,1.786,4.8,3.2887
2004-06-30,2.9844,4.5,4.7368,1.6,38.03,1.8279,4.8,0.0088
2004-07-31,2.9147,4.5,4.2418,1.4,40.78,1.8438,4.7,-3.6115
2004-08-31,2.9047,4.75,4.6304,1.3,44.9,1.8203,4.7,2.6786
2004-09-30,2.8751,4.75,4.6412,1.1,45.94,1.7937,4.7,-3.3303
2004-10-31,2.8181,4.75,4.6004,1.2,53.28,1.8077,4.7,-0.245
2004-11-30,2.7331,4.75,4.7724,1.5,48.47,1.8607,4.7,-4.3371
2004-12-31,2.7483,4.75,4.8016,1.7,43.15,1.9286,4.7,-5.1622
2005-01-31,2.7407,4.75,4.6468,1.6,46.84,1.8797,4.8,-1.7828
2005-02-28,2.8588,4.75,5.2804,1.7,48.15,1.8871,4.7,-2.1583
2005-03-31,2.8521,4.75,4.8668,1.9,54.19,1.9043,4.7,-7.7356
2005-04-30,2.7479,4.75,4.8697,1.9,52.98,1.8961,4.8,-12.5944
2005-05-31,2.5947,4.75,4.756,1.9,49.83,1.8559,4.8,-15.0149
2005-06-30,2.603,4.75,4.8483,2.0,56.35,1.8177,4.7,-17.0138
2005-07-31,2.6212,4.75,4.6204,2.3,59.0,1.7507,4.7,-9.9768
2005-08-31,2.6535,4.5,4.7577,2.4,64.99,1.7944,4.7,-16.6743
2005-09-30,2.7045,4.5,4.3942,2.5,65.59,1.8064,4.9,-10.6862
2005-10-31,2.7387,4.5,4.3925,2.3,62.26,1.7651,5.1,-8.5497
2005-11-30,2.6773,4.5,4.7196,2.1,58.32,1.7349,5.1,-12.666
2005-12-31,2.7024,4.5,4.7627,1.9,59.41,1.7458,5.1,-13.1487
2006-01-31,2.7673,4.5,4.7004,1.9,65.49,1.7686,5.2,-14.4384
2006-02-28,2.8162,4.5,4.6553,2.0,61.63,1.748,5.2,-8.8219
2006-03-31,2.8745,4.5,4.7528,1.8,62.69,1.7442,5.3,-8.7209
2006-04-30,2.9463,4.5,4.4299,2.0,69.44,1.768,5.4,-2.2579
2006-05-31,2.9357,4.5,4.6207,2.2,70.84,1.8687,5.5,-5.6572
2006-06-30,2.9282,4.5,4.7194,2.5,70.95,1.8435,5.5,-5.3797
2006-07-31,2.9758,4.5,4.8059,2.4,74.41,1.8443,5.5,-0.0065
2006-08-31,3.0027,4.75,4.8703,2.5,73.04,1.8941,5.5,-5.0303
2006-09-30,2.9326,4.75,4.8972,2.4,63.8,1.8839,5.5,-1.0417
2006-10-31,2.9767,4.75,4.8876,2.4,58.89,1.8765,5.4,-6.8502
2006-11-30,2.9687,5.0,5.078,2.7,59.08,1.9125,5.5,1.0015
2006-12-31,2.9699,5.0,5.201,3.0,61.96,1.9629,5.5,-0.4719
2007-01-31,2.9431,5.25,5.3237,2.7,54.51,1.9587,5.5,-3.7657
2007-02-28,3.0214,5.25,5.3178,2.8,59.28,1.9589,5.5,5.8521
2007-03-31,3.0145,5.25,5.3123,3.1,60.44,1.9474,5.5,4.2965
2007-04-30,2.9992,5.25,5.2935,2.8,63.98,1.9879,5.4,1.0837
2007-05-31,2.9831,5.5,5.5491,2.5,63.46,1.9842,5.4,3.3656
2007-06-30,3.1293,5.5,6.4568,2.4,67.49,1.9867,5.3,10.2556
2007-07-31,3.0639,5.75,5.7774,1.9,74.12,2.0355,5.3,-0.0333
2007-08-31,3.099,5.75,6.1242,1.8,72.36,2.011,5.3,3.2777
2007-09-30,3.1594,5.75,5.9288,1.8,79.92,2.0184,5.2,5.2728
2007-10-31,3.1409,5.75,5.8079,2.1,85.8,2.0449,5.2,0.1788
2007-11-30,3.197,5.75,5.8799,2.1,94.77,2.0701,5.2,3.0001
2007-12-31,3.1376,5.5,5.7799,2.1,91.69,2.0161,5.2,-1.7986
2008-01-31,3.2043,5.5,5.5156,2.2,92.97,1.9702,5.2,2.235
2008-02-29,3.3511,5.25,5.2976,2.5,95.39,1.9646,5.2,-0.8015
2008-03-31,3.4657,5.25,5.4267,2.5,105.45,2.0015,5.3,2.3208
2008-04-30,3.4536,5.0,5.0476,3.0,112.58,1.9816,5.2,-8.575
2008-05-31,3.5254,5.0,5.0654,3.3,125.4,1.965,5.4,-10.2807
2008-06-30,3.906,5.0,5.288,3.8,133.88,1.9664,5.5,-3.103
2008-07-31,3.4055,5.0,4.9592,4.4,133.37,1.9888,5.7,-8.7326
2008-08-31,3.563,5.0,5.035,4.7,116.67,1.8865,5.9,-15.7491
2008-09-30,3.1913,5.0,5.0906,5.2,104.11,1.7973,6.0,-21.0778
2008-10-31,2.2504,4.5,4.2961,4.5,76.61,1.6862,6.2,-27.7965
2008-11-30,1.2267,3.0,2.646,4.1,57.31,1.5327,6.4,-33.0006
2008-12-31,1.7642,2.0,1.5373,3.1,41.12,1.4854,6.5,-31.4615
2009-01-31,2.7402,1.5,1.3414,3.0,41.71,1.4462,6.7,-38.431
2009-02-28,2.6477,1.0,0.9025,3.2,39.09,1.4422,7.1,-44.1206
2009-03-31,2.2341,0.5,0.5027,2.9,47.94,1.417,7.3,-47.6482
2009-04-30,2.5105,0.5,0.405,2.3,49.65,1.4712,7.6,-39.2363
2009-05-31,2.8334,0.5,0.4301,2.2,59.03,1.5418,7.8,-35.9251
2009-06-30,2.7609,0.5,0.3711,1.8,69.64,1.6369,7.9,-31.4466
2009-07-31,2.7281,0.5,0.4178,1.8,64.15,1.6378,7.9,-30.4231
2009-08-31,2.6821,0.5,0.4352,1.6,71.05,1.6532,7.8,-25.1016
2009-09-30,2.8036,0.5,0.4203,1.1,69.41,1.6323,7.9,-21.0898
2009-10-31,3.0841,0.5,0.4489,1.5,75.72,1.6212,7.8,-15.4388
2009-11-30,3.0993,0.5,0.4499,1.9,77.99,1.6599,7.8,-18.3385
2009-12-31,3.3119,0.5,0.4434,2.9,74.47,1.6226,7.7,-20.1311
2010-01-31,3.1925,0.5,0.4679,3.5,78.33,1.6158,7.9,-15.1064
2010-02-28,3.3486,0.5,0.4708,3.0,76.39,1.5618,8.0,-15.4582
2010-03-31,3.4752,0.5,0.4707,3.4,81.2,1.5058,8.0,-14.303
2010-04-30,3.4713,0.5,0.4769,3.7,84.29,1.5332,7.9,-10.9076
2010-05-31,3.0047,0.5,0.4833,3.4,73.74,1.4669,7.9,-5.2365
2010-06-30,2.9205,0.5,0.5005,3.2,75.34,1.4768,7.8,-7.7855
2010-07-31,2.6944,0.5,0.4916,3.1,76.32,1.5304,7.8,-3.7777
2010-08-31,2.5641,0.5,0.5007,3.1,76.6,1.5661,7.8,-2.7831
2010-09-30,2.7214,0.5,0.5227,3.1,75.24,1.5591,7.9,-3.0936
2010-10-31,2.873,0.5,0.5124,3.2,81.89,1.5867,7.9,-2.403
2010-11-30,2.898,0.5,0.524,3.3,84.25,1.5961,7.9,-3.6696
2010-12-31,3.124,0.5,0.5564,3.7,89.15,1.5595,7.9,1.5353
2011-01-31,3.228,0.5,0.5108,4.0,89.17,1.5782,7.8,-1.1146
2011-02-28,3.3403,0.5,0.5136,4.4,88.58,1.6124,7.8,0.199
2011-03-31,3.2742,0.5,0.5396,4.0,102.86,1.6159,7.7,7.0341
2011-04-30,3.2566,0.5,0.5572,4.5,109.53,1.6379,7.8,0.7523
2011-05-31,3.2131,0.5,0.5418,4.5,100.9,1.6332,7.9,1.4585
2011-06-30,3.2677,0.5,0.7368,4.2,96.26,1.6219,8.0,2.2092
2011-07-31,3.2227,0.5,0.5562,4.4,97.3,1.6158,8.2,-4.8004
2011-08-31,2.8899,0.5,0.567,4.5,86.33,1.6356,8.3,-1.1326
2011-09-30,2.7445,0.5,0.6487,5.2,85.52,1.5771,8.4,-7.0986
2011-10-31,2.6757,0.5,0.527,5.0,86.32,1.5768,8.5,-13.0344
2011-11-30,2.7677,0.5,0.5327,4.8,97.16,1.5806,8.4,-12.34
2011-12-31,2.6992,0.5,0.4578,4.2,98.56,1.5587,8.3,-14.4654
2012-01-31,2.6885,0.5,0.51,3.6,100.27,1.5524,8.3,-4.1214
2012-02-29,2.9298,0.5,0.5047,3.4,102.2,1.5804,8.2,-2.8072
2012-03-31,2.8822,0.5,0.4775,3.5,106.16,1.5824,8.2,-2.2839
2012-04-30,2.78,0.5,0.4785,3.0,103.32,1.6,8.1,0.4177
2012-05-31,2.418,0.5,0.4939,2.8,94.66,1.5924,8.0,-12.5098
2012-06-30,2.4243,0.5,0.4586,2.4,82.3,1.5556,8.0,-8.1268
2012-07-31,2.3038,0.5,0.4553,2.6,87.9,1.5593,7.9,-2.4911
2012-08-31,2.4297,0.5,0.4298,2.5,94.13,1.5722,7.8,-11.1472
2012-09-30,2.2788,0.5,0.3938,2.2,94.51,1.6126,7.8,-6.4389
2012-10-31,2.4378,0.5,0.4088,2.7,89.49,1.608,7.8,-1.6749
2012-11-30,2.4953,0.5,0.4327,2.7,86.53,1.5968,7.8,-9.6932
2012-12-31,2.617,0.5,0.4275,2.7,87.86,1.6145,7.8,-4.8127
2013-01-31,3.1325,0.5,0.4082,2.7,94.76,1.5965,8.0,-8.1262
2013-02-28,3.2481,0.5,0.4339,2.8,95.31,1.5474,7.8,-8.8073
2013-03-31,3.2746,0.5,0.4203,2.8,92.94,1.508,7.8,-4.2552
2013-04-30,3.0237,0.5,0.4337,2.4,92.02,1.5311,7.7,-5.2364
2013-05-31,3.1135,0.5,0.4204,2.7,94.51,1.5297,7.7,-6.4858
2013-06-30,2.9668,0.5,0.3919,2.9,95.77,1.5493,7.7,-11.1315
2013-07-31,3.0916,0.5,0.4299,2.8,104.67,1.5179,7.7,-3.5081
2013-08-31,3.1798,0.5,0.3979,2.7,106.57,1.5505,7.6,2.1664
2013-09-30,3.0789,0.5,0.411,2.7,106.29,1.5885,7.4,12.2304
2013-10-31,3.1437,0.5,0.4184,2.2,100.54,1.6098,7.2,2.6844
2013-11-30,3.1973,0.5,0.4188,2.1,93.86,1.61,7.2,11.2791
2013-12-31,3.2661,0.5,0.3057,2.0,97.63,1.6383,7.1,7.8368
2014-01-31,3.07,0.5,0.4104,1.9,94.62,1.647,6.9,5.1999
2014-02-28,3.1127,0.5,0.3904,1.7,100.82,1.6558,6.7,5.1884
2014-03-31,3.1678,0.5,0.3342,1.6,100.8,1.6624,6.6,1.7753
2014-04-30,3.1762,0.5,0.3984,1.8,102.07,1.6748,6.4,8.777
2014-05-31,3.0932,0.5,0.4169,1.5,102.18,1.6842,6.3,6.5275
2014-06-30,3.1025,0.5,0.3807,1.9,105.79,1.6908,6.1,10.1876
2014-07-31,3.062,0.5,0.4045,1.6,103.59,1.7066,6.0,5.4741
2014-08-31,3.0463,0.5,0.4005,1.5,96.54,1.67,6.0,7.817
2014-09-30,2.9706,0.5,0.4027,1.2,93.21,1.629,5.9,4.581
2014-10-31,2.9088,0.5,0.4227,1.3,84.4,1.6074,5.9,2.713
2014-11-30,2.8803,0.5,0.4225,1.0,75.79,1.5771,5.7,4.592
2014-12-31,2.8064,0.5,0.3565,0.5,59.29,1.5644,5.6,5.1579
2015-01-31,2.4747,0.5,0.4195,0.3,47.22,1.5142,5.6,4.8571
2015-02-28,2.7156,0.5,0.4442,0.0,50.58,1.5329,5.5,8.1818
2015-03-31,2.7613,0.5,0.4217,0.0,47.82,1.4958,5.5,1.1341
2015-04-30,2.9475,0.5,0.4529,-0.1,54.45,1.4968,5.6,3.1228
2015-05-31,2.9018,0.5,0.4506,0.1,59.27,1.5456,5.6,0.2041
2015-06-30,3.003,0.5,0.3947,0.0,59.82,1.5576,5.5,-2.4925
2015-07-31,2.9091,0.5,0.4481,0.1,50.9,1.556,5.4,1.1217
2015-08-31,2.7799,0.5,0.4526,0.0,42.87,1.5578,5.3,-0.5251
2015-09-30,2.6872,0.5,0.3518,-0.1,45.48,1.5338,5.2,-1.7345
2015-10-31,2.7459,0.5,0.4482,-0.1,46.22,1.5343,5.1,-3.5964
2015-11-30,2.7801,0.5,0.4539,0.1,42.44,1.5194,5.1,-5.7627
2015-12-31,2.6801,0.5,0.3475,0.2,37.19,1.4981,5.1,-6.1874
2016-01-31,2.6057,0.5,0.4517,0.3,31.68,1.4392,5.1,-3.8181
2016-02-29,2.4184,0.5,0.4545,0.3,30.32,1.429,5.1,-7.8203
2016-03-31,2.6181,0.5,0.4128,0.5,37.55,1.4249,5.0,-3.1736
2016-04-30,2.6402,0.5,0.4584,0.3,40.75,1.4319,4.9,-2.5282
2016-05-31,2.5591,0.5,0.4542,0.3,46.71,1.4524,4.9,-0.789
2016-06-30,2.5861,0.5,0.4416,0.5,48.76,1.4197,4.9,2.162
2016-07-31,2.5153,0.5,0.4534,0.6,44.65,1.3134,5.0,-1.5646
2016-08-31,2.7982,0.25,0.2018,0.6,44.72,1.3101,4.8,-0.5308
2016-09-30,2.8983,0.25,0.1624,1.0,45.18,1.314,4.8,0.2836
2016-10-31,3.3297,0.25,0.1999,0.9,49.78,1.233,4.8,-0.2425
2016-11-30,3.2486,0.25,0.2024,1.2,45.66,1.2432,4.7,7.877
2016-12-31,3.2911,0.25,0.1618,1.6,51.97,1.2483,4.7,4.7963
2017-01-31,3.458,0.25,0.2078,1.8,52.5,1.2367,4.6,8.8405
2017-02-28,3.1464,0.25,0.203,2.3,53.47,1.2495,4.6,10.1746
2017-03-31,3.2038,0.25,0.174,2.3,49.33,1.2347,4.5,8.8543
2017-04-30,3.1783,0.25,0.2108,2.7,51.06,1.2639,4.4,6.8208
2017-05-31,3.095,0.25,0.2087,2.9,48.48,1.2929,4.4,9.553
2017-06-30,3.1224,0.25,0.194,2.6,45.18,1.281,4.3,12.1551
2017-07-31,3.049,0.25,0.2034,2.6,46.63,1.2996,4.3,15.0804
2017-08-31,3.1004,0.25,0.2109,2.9,48.04,1.2952,4.3,11.7931
2017-09-30,3.1525,0.25,0.1991,3.0,49.82,1.334,4.2,9.6352
2017-10-31,3.1466,0.25,0.2096,3.0,51.58,1.3202,4.3,7.7711
2017-11-30,3.1259,0.5,0.4623,3.1,56.64,1.3217,4.4,11.1846
2017-12-31,3.1294,0.5,0.4123,3.0,57.88,1.3404,4.3,12.1136
2018-01-31,3.2121,0.5,0.4668,3.0,63.7,1.3824,4.2,12.8399
2018-02-28,3.1713,0.5,0.4612,2.7,62.23,1.3961,4.2,5.1704
2018-03-31,3.1632,0.5,0.4435,2.5,62.73,1.3976,4.2,-2.7818
2018-04-30,3.1543,0.5,0.4507,2.4,66.25,1.4079,4.2,4.1643
2018-05-31,3.1401,0.5,0.4503,2.4,69.98,1.347,4.0,2.5607
2018-06-30,3.1441,0.5,0.4399,2.4,67.87,1.3294,4.0,6.1531
2018-07-31,3.1651,0.5,0.4503,2.5,70.98,1.3162,4.0,8.3943
2018-08-31,3.1396,0.75,0.7042,2.7,68.06,1.2878,4.1,7.7858
2018-09-30,3.273,0.75,0.6964,2.4,70.23,1.3066,4.1,4.9878
2018-10-31,3.2609,0.75,0.7002,2.4,70.75,1.3012,4.0,0.7774
2018-11-30,3.3215,0.75,0.7002,2.3,56.96,1.29,4.0,6.1636
2018-12-31,3.2943,0.75,0.6998,2.1,49.52,1.2664,3.9,9.1
2019-01-31,3.2446,0.75,0.7034,1.8,51.38,1.2901,4.0,4.5126
2019-02-28,3.2216,0.75,0.705,1.9,54.95,1.3016,3.8,-0.5045
2019-03-31,3.3622,0.75,0.7036,1.9,58.15,1.3167,3.8,-2.7597
2019-04-30,3.3734,0.75,0.7109,2.1,63.86,1.3029,3.8,-5.4977
2019-05-31,3.3905,0.75,0.7078,2.0,60.83,1.2855,3.9,-12.1024
2019-06-30,3.3134,0.75,0.706,2.0,54.66,1.2675,3.9,-9.5141
2019-07-31,3.4304,0.75,0.7081,2.1,57.35,1.2461,3.9,-14.9566
2019-08-31,3.3896,0.75,0.7103,1.7,54.81,1.216,3.9,-10.5517
2019-09-30,3.4387,0.75,0.7101,1.7,56.95,1.2369,3.8,-24.9959
2019-10-31,3.1318,0.75,0.7106,1.5,53.96,1.2657,3.8,-17.5591
2019-11-30,3.1549,0.75,0.7123,1.5,57.03,1.2884,3.7,-12.8498
2019-12-31,3.2142,0.75,0.7098,1.3,59.88,1.3109,3.9,-18.5704
2020-01-31,3.1218,0.75,0.7117,1.8,57.52,1.3076,3.9,-13.8042
2020-02-29,3.0666,0.75,0.7098,1.7,50.54,1.2953,4.1,-10.1735
2020-03-31,2.9762,0.1,0.0729,1.5,29.21,1.2369,4.1,-22.0738
2020-04-30,2.8549,0.1,0.0666,0.8,16.55,1.242,4.1,-49.8269
2020-05-31,3.105,0.1,0.0679,0.5,28.56,1.2302,4.1,-46.1023
2020-06-30,3.1226,0.1,0.0603,0.6,38.31,1.2523,4.4,-37.516
2020-07-31,3.1884,0.1,0.0603,1.0,40.71,1.2701,4.6,-16.3118
2020-08-31,3.339,0.1,0.0545,0.2,42.34,1.3143,5.0,-26.2193
2020-09-30,3.2688,0.1,0.0509,0.5,39.63,1.2947,5.2,-19.9927
2020-10-31,3.3314,0.1,0.0547,0.7,39.4,1.298,5.2,-2.9041
2020-11-30,3.2805,0.1,0.054,0.3,40.94,1.3198,5.3,-19.5235
2020-12-31,3.2126,0.1,0.0394,0.6,47.02,1.3434,5.2,-10.9036
2021-01-31,3.3053,0.1,0.0529,0.7,52.0,1.3641,5.0,-24.115
2021-02-28,3.468,0.1,0.0512,0.4,59.04,1.3867,4.9,-13.1663
2021-03-31,3.6403,0.1,0.0466,0.7,62.33,1.3863,4.8,7.6004
2021-04-30,3.5686,0.1,0.0509,1.5,61.72,1.3845,4.8,7.508
2021-05-31,3.6282,0.1,0.0516,2.1,65.17,1.4084,4.7,17.2243
2021-06-30,3.4865,0.1,0.0466,2.5,71.38,1.4025,4.6,19.1448
2021-07-31,3.5958,0.1,0.0506,2.0,72.49,1.3808,4.5,24.3402
2021-08-31,3.6508,0.1,0.0502,3.2,67.73,1.3797,4.4,18.1164
2021-09-30,3.8404,0.1,0.0479,3.1,71.65,1.3732,4.3,19.3422
2021-10-31,3.9829,0.1,0.0503,4.2,81.48,1.3701,4.2,22.0924
2021-11-30,4.154,0.1,0.0455,5.1,79.15,1.3463,4.2,26.4694
2021-12-31,3.8656,0.25,0.1906,5.4,71.71,1.3303,4.1,24.7645
2022-01-31,4.0965,0.25,0.1989,5.5,83.22,1.3555,3.9,22.2252
2022-02-28,4.2552,0.5,0.4451,6.2,91.64,1.354,3.8,19.835
2022-03-31,4.2718,0.75,0.6896,7.0,108.5,1.3168,3.8,19.6031
2022-04-30,4.2521,0.75,0.6907,9.0,101.78,1.2933,3.7,11.176
2022-05-31,3.9965,1.0,0.941,9.1,109.55,1.2438,3.8,19.8907
2022-06-30,3.5067,1.25,1.1874,9.4,114.84,1.232,3.6,10.479
2022-07-31,3.5735,1.25,1.1909,10.1,101.62,1.1987,3.6,7.3376
2022-08-31,3.9571,1.75,1.6896,9.9,93.67,1.1983,3.7,-4.8814
2022-09-30,3.9094,2.25,2.1901,10.1,84.26,1.132,3.8,-8.3234
2022-10-31,3.4154,2.25,2.1838,11.1,87.55,1.1332,3.9,2.4253
2022-11-30,3.4985,3.0,2.9273,10.7,84.37,1.1727,3.9,-4.8655
2022-12-31,3.3267,3.5,3.4282,10.5,76.44,1.218,3.9,-6.5681
2023-01-31,3.2156,3.5,3.4269,10.1,78.12,1.2237,4.0,-2.4415
2023-02-28,3.366,4.0,3.927,10.4,76.83,1.2084,4.0,-7.8316
2023-03-31,3.5156,4.25,4.1777,10.1,73.28,1.2138,3.9,-6.0636
2023-04-30,3.3235,4.25,4.1792,8.7,79.45,1.2446,4.0,-10.4907
2023-05-31,3.4144,4.5,4.4278,8.7,71.58,1.2484,4.2,-12.1093
2023-06-30,3.5337,5.0,4.9286,7.9,70.25,1.2627,4.3,-10.1877
2023-07-31,3.4943,5.0,4.9304,6.8,76.07,1.2893,4.3,0.3376
2023-08-31,3.526,5.25,5.1852,6.7,81.39,1.2706,4.1,-9.5481
2023-09-30,3.6338,5.25,5.1867,6.7,89.43,1.2381,4.0,-9.3234
2023-10-31,3.5588,5.25,5.1861,4.6,85.64,1.2175,4.0,-1.2414
2023-11-30,3.4658,5.25,5.1881,3.9,77.69,1.2437,3.9,-13.1989
2023-12-31,3.3741,5.25,5.1869,4.0,71.9,1.2657,4.1,-8.5681
2024-01-31,3.394,5.25,5.1881,4.0,74.15,1.2701,4.2,-12.7748
2024-02-29,3.4992,5.25,5.1885,3.4,77.25,1.263,4.3,-10.8316
2024-03-31,3.5691,5.25,5.1911,3.2,81.28,1.2713,4.4,-9.0636
2024-04-30,3.682,5.25,5.1998,2.3,85.35,1.2517,4.4,-3.824
2024-05-31,3.6882,5.25,5.2,2.0,80.02,1.2636,4.2,-14.776
2024-06-30,3.5195,5.25,5.2,2.0,79.77,1.2716,4.2,-7.8544
2024-07-31,3.4658,5.25,5.2,2.2,81.8,1.287,4.1,-4.9958
2024-08-31,3.3943,5.0,4.95,2.2,76.68,1.2945,4.3,-9.8814
2024-09-30,3.4044,5.0,4.95,1.7,70.24,1.3219,4.3,-16.6567
2024-10-31,3.57,5.0,4.95,2.3,71.99,1.3043,4.4,-9.908
2024-11-30,3.4789,4.75,4.7,2.6,69.95,1.2738,4.4,-6.8655
2024-12-31,3.4833,4.75,4.7003,2.5,70.12,1.2647,4.4,-27.2348
2025-01-31,3.5763,4.75,4.7037,3.0,75.74,1.2354,4.4,-19.7748
2025-02-28,3.4301,4.5,4.4552,2.8,71.53,1.2542,4.5,-7.165
2025-03-31,3.448,4.5,4.4554,2.6,68.24,1.2913,4.6,-14.3969
2025-04-30,3.261,4.5,4.4592,3.5,63.54,1.3144,4.7,-11.4907
2025-05-31,3.1992,4.25,4.2111,3.4,62.17,1.3358,4.7,-15.776
2025-06-30,3.0798,4.25,4.2171,3.6,68.17,1.3577,4.7,-12.1877
2025-07-31,3.1644,4.25,4.217,3.8,68.39,1.3489,4.8,-11.9958
2025-08-31,3.1334,4.0,3.9665,3.8,64.86,1.3456,5.0,-14.2147
2025-09-30,3.1058,4.0,3.9671,3.8,63.96,1.3506,5.1,-12.6567
2025-10-31,2.919,4.0,3.9689,3.6,60.89,1.3357,5.1,-12.2414
2025-11-30,2.984,4.0,3.9693,3.2,60.06,1.3139,5.2,-20.1989
2025-12-31,2.955,3.75,3.7257,3.4,57.97,1.3387,5.2,-11.9015
2026-01-31,3.1624,3.75,3.7254,3.0,60.04,1.3536,4.9,-8.4415
2026-02-28,3.0927,3.75,3.7267,3.0,64.51,1.3579,5.0,-13.165
